date,vertical,allocation_percentage,daily_return,nav
2024-01-01,Tech,6.6487144205271775,0.009187352398583407,100918.73523985835
2024-01-01,Pharma,5.827086665458007,0.01462930837025343,101462.93083702533
2024-01-01,Energy,26.558989748815133,-0.010106799011887251,98989.32009881128
2024-01-01,Finance,6.463773769382035,-0.007766182470674104,99223.38175293259
2024-01-01,Retail,11.258286900212969,-0.011798491172553967,98820.15088274461
2024-01-01,Real Estate,16.66253128916826,0.005436127910392845,100543.6127910393
2024-01-02,Tech,24.992532051844456,0.0010837440892581592,100108.37440892581
2024-01-02,Pharma,9.89332802108626,0.0018253036042189706,100182.53036042191
2024-01-02,Energy,14.578491431228928,0.011099627905435117,101109.96279054352
2024-01-02,Finance,18.693081614692332,0.0020425319019945,100204.25319019945
2024-01-02,Retail,17.28236385823054,0.00047164611563944457,100047.16461156396
2024-01-02,Real Estate,12.967891772658184,-0.016620202409124166,98337.97975908758
2024-01-03,Tech,19.11151087747352,0.0051601185226997585,100516.01185226998
2024-01-03,Pharma,13.949806108835547,0.004894645066254831,100489.46450662547
2024-01-03,Energy,22.38758096911296,-0.0024366245230114706,99756.33754769884
2024-01-03,Finance,27.113577201857293,-0.00019074129170577555,99980.92587082942
2024-01-03,Retail,6.307279352893875,0.009157559923219906,100915.75599232198
2024-01-03,Real Estate,24.91720299389427,0.0048424299080255424,100484.24299080257
2024-01-04,Tech,20.65712925934622,-0.001721496395795559,99827.85036042045
2024-01-04,Pharma,27.660147628351815,0.015127262295266453,101512.72622952666
2024-01-04,Energy,16.497718389811165,-0.004455138901063577,99554.48610989365
2024-01-04,Finance,12.946119764391494,0.006450310914291588,100645.03109142915
2024-01-04,Retail,22.374056443367778,0.009943498154120298,100994.34981541202
2024-01-04,Real Estate,16.94185100212219,0.002287557224478624,100228.75572244787
2024-01-05,Tech,21.81131922706137,0.003434942298290183,100343.49422982903
2024-01-05,Pharma,14.24494033506413,-0.0010607346881050558,99893.92653118949
2024-01-05,Energy,18.488268585139046,-0.013603794087983494,98639.62059120164
2024-01-05,Finance,12.918603825835511,0.007185650332148602,100718.56503321485
2024-01-05,Retail,17.56064600116725,-0.005840649463451621,99415.93505365483
2024-01-05,Real Estate,25.91472356786584,-0.0034283175946420454,99657.1682405358
2024-01-06,Tech,13.118148307444542,0.013063604424414337,101306.36044244144
2024-01-06,Pharma,26.060504459369213,-0.021878757573617846,97812.12424263821
2024-01-06,Energy,8.50800192942703,-0.014316293961119855,98568.370603888
2024-01-06,Finance,26.738619160385753,0.013031168551306187,101303.11685513063
2024-01-06,Retail,21.529772182826534,-0.00395791206038581,99604.20879396143
2024-01-06,Real Estate,5.904008258505049,-0.0072892462894679644,99271.0753710532
2024-01-07,Tech,24.26403779546955,-0.005194251339652622,99480.57486603475
2024-01-07,Pharma,5.336410802941914,-0.0006003145026540566,99939.96854973459
2024-01-07,Energy,28.888670513790416,-0.0037550707159999543,99624.4929284
2024-01-07,Finance,17.914657968127592,0.009555563963485393,100955.55639634855
2024-01-07,Retail,19.397649064652892,-0.01897244647152206,98102.75535284779
2024-01-07,Real Estate,14.76429373053029,0.0020507215161254255,100205.07215161253
2024-01-08,Tech,9.52921796382566,0.00014380004279611092,100014.3800042796
2024-01-08,Pharma,21.522321388539766,-0.0020914151663890485,99790.8584833611
2024-01-08,Energy,9.52341788525279,-0.019438879336100088,98056.11206639
2024-01-08,Finance,7.99983489812457,0.004363570182398505,100436.35701823985
2024-01-08,Retail,8.18971212544028,-0.00852037056501406,99147.9629434986
2024-01-08,Real Estate,18.831507340288724,0.003286983722045403,100328.69837220456
2024-01-09,Tech,9.765557373169957,0.014273134075805008,101427.31340758051
2024-01-09,Pharma,23.728830613853546,-0.005446887635280638,99455.31123647193
2024-01-09,Energy,8.61946146869425,0.0026106954426540173,100261.0695442654
2024-01-09,Finance,22.106348883653187,-0.013317341618766474,98668.26583812335
2024-01-09,Retail,23.807093873058662,0.013320907204313493,101332.09072043134
2024-01-09,Real Estate,15.99698556171244,0.005959014853728394,100595.90148537283
2024-01-10,Tech,19.015214774403233,0.01573913748886102,101573.91374888612
2024-01-10,Pharma,9.370286196764365,-0.0033992137454515177,99660.07862545484
2024-01-10,Energy,11.310206662814679,0.005593504991959463,100559.35049919595
2024-01-10,Finance,23.37926256528549,0.008502432624099714,100850.24326240996
2024-01-10,Retail,7.478161741910356,0.028138432700926825,102813.8432700927
2024-01-10,Real Estate,24.498010670936576,-0.006198781897137138,99380.12181028628
2024-01-11,Tech,15.555792477224058,-0.015255125004018242,98474.48749959817
2024-01-11,Pharma,25.803064572295998,0.0029511587158900605,100295.11587158902
2024-01-11,Energy,27.847268581265972,-0.02365398929130355,97634.60107086964
2024-01-11,Finance,13.20661525628055,-0.013295011804795571,98670.49881952045
2024-01-11,Retail,11.670634701594214,-0.011971981628783103,98802.80183712169
2024-01-11,Real Estate,19.732946908513213,0.002509830928630643,100250.98309286307
2024-01-12,Tech,19.03295080632813,-0.009794200596166005,99020.5799403834
2024-01-12,Pharma,22.54897667182113,0.007784271671241384,100778.42716712413
2024-01-12,Energy,5.4230935018400075,0.012585043933551521,101258.50439335515
2024-01-12,Finance,23.195115373428607,0.0017092235424040925,100170.9223542404
2024-01-12,Retail,26.270807944489956,0.005085327430917311,100508.53274309172
2024-01-12,Real Estate,16.726902917377387,-0.006866359281599314,99313.36407184007
2024-01-13,Tech,13.079162057073003,-0.007168710769414537,99283.12892305855
2024-01-13,Pharma,22.423814992765937,-0.0022787687517606407,99772.12312482393
2024-01-13,Energy,20.797408504215635,0.0020073137537552355,100200.73137537553
2024-01-13,Finance,8.241753715670335,-0.011340168045775284,98865.98319542246
2024-01-13,Retail,12.833661498102412,0.001739595484519394,100173.95954845194
2024-01-13,Real Estate,5.310915829430244,-0.004167535400738323,99583.24645992617
2024-01-14,Tech,11.518370609661408,0.009526622745631659,100952.66227456316
2024-01-14,Pharma,16.265727343358066,-0.007979546807902447,99202.04531920975
2024-01-14,Energy,19.33035557692999,0.0035571659639112396,100355.71659639112
2024-01-14,Finance,8.730077600849185,-0.015605406667248162,98439.45933327518
2024-01-14,Retail,29.809055591461867,0.010978938494203814,101097.89384942039
2024-01-14,Real Estate,7.642297671707103,0.0009688286265612644,100096.88286265612
2024-01-15,Tech,19.760512606636546,0.011359513637227208,101135.95136372274
2024-01-15,Pharma,17.147931854577017,0.006928427323882637,100692.84273238825
2024-01-15,Energy,5.902029302727364,-0.00840322776274277,99159.67722372572
2024-01-15,Finance,12.960901590671876,-0.009191480974846806,99080.85190251532
2024-01-15,Retail,7.305047316361685,0.0005174761325487344,100051.74761325488
2024-01-15,Real Estate,23.419558953751938,5.675866764285302e-05,100005.67586676427
2024-01-16,Tech,10.752607627416218,0.011395091421785648,101139.50914217858
2024-01-16,Pharma,15.28100793762505,0.009636010547662473,100963.60105476624
2024-01-16,Energy,18.126189744302962,-0.00948462756970291,99051.53724302971
2024-01-16,Finance,19.72763514706289,-0.014383954919417756,98561.60450805823
2024-01-16,Retail,14.047979043345483,0.017451408320463952,101745.1408320464
2024-01-16,Real Estate,29.115074437662926,0.0005757029483685624,100057.57029483686
2024-01-17,Tech,27.276449534305133,0.005213299248534035,100521.3299248534
2024-01-17,Pharma,19.527104850395794,-0.003092873044462927,99690.71269555371
2024-01-17,Energy,25.96734080675337,-0.004714195362104897,99528.5804637895
2024-01-17,Finance,26.497666380059872,0.006122967198182656,100612.29671981826
2024-01-17,Retail,9.143929824055373,0.007433301091869677,100743.33010918697
2024-01-17,Real Estate,17.968528487879666,0.038101552485752845,103810.15524857529
2024-01-18,Tech,23.078652909082678,-0.00889730518533253,99110.26948146675
2024-01-18,Pharma,21.47551913823147,-0.022035351620867553,97796.46483791324
2024-01-18,Energy,22.059245165092598,-0.005779618290566535,99422.03817094336
2024-01-18,Finance,11.477157610352897,-0.0003758928110070487,99962.4107188993
2024-01-18,Retail,28.6003816025114,0.0025800090574241035,100258.00090574242
2024-01-18,Real Estate,9.630927983232233,0.006440689506598318,100644.06895065983
2024-01-19,Tech,7.392722315190407,0.017045069765684293,101704.50697656843
2024-01-19,Pharma,27.853798077902514,-0.012530563795754115,98746.94362042459
2024-01-19,Energy,8.45384936569898,0.007236528628129223,100723.65286281293
2024-01-19,Finance,25.91310152265334,0.002688243521216077,100268.8243521216
2024-01-19,Retail,12.17819534751661,-0.000612960331121095,99938.70396688789
2024-01-19,Real Estate,7.952960490191575,-0.0003040472050543857,99969.59527949456
2024-01-20,Tech,24.041331743472288,0.00704395697996568,100704.39569799656
2024-01-20,Pharma,26.44013032472582,-0.0034735112860656016,99652.64887139344
2024-01-20,Energy,7.912038079569648,0.01740143040235851,101740.14304023584
2024-01-20,Finance,22.06604651668097,0.0027833373445549647,100278.33373445549
2024-01-20,Retail,7.591755192793125,0.010395006371583285,101039.50063715831
2024-01-20,Real Estate,19.608412739775684,-0.015251889297197313,98474.81107028027
2024-01-21,Tech,25.3506687329437,0.0001963221187520488,100019.6322118752
2024-01-21,Pharma,26.223718922178573,-0.006363031416479139,99363.6968583521
2024-01-21,Energy,29.84146452425876,0.003970524291375333,100397.05242913752
2024-01-21,Finance,5.033281773703023,-0.008336518704051278,99166.34812959487
2024-01-21,Retail,13.73824457568569,-0.01939215116207528,98060.78488379247
2024-01-21,Real Estate,20.612732259885643,-0.006630207100305716,99336.97928996943
2024-01-22,Tech,5.3844963583074374,-0.0022254706797203753,99777.45293202797
2024-01-22,Pharma,8.75904247837557,0.0066314319485373165,100663.14319485372
2024-01-22,Energy,15.829781111203548,-0.006111052277489544,99388.89477225105
2024-01-22,Finance,24.976998812411466,0.0007063990365499971,100070.63990365498
2024-01-22,Retail,23.436079551419223,-0.013119701560555225,98688.02984394447
2024-01-22,Real Estate,28.16453163792953,0.0010115642868764735,100101.15642868764
2024-01-23,Tech,24.854379262538956,0.008237205595572126,100823.72055955722
2024-01-23,Pharma,7.5341252722795,-0.008230657358297182,99176.93426417028
2024-01-23,Energy,7.961127833747645,0.018502197254272098,101850.2197254272
2024-01-23,Finance,27.932459506434515,-0.004444883266602664,99555.51167333973
2024-01-23,Retail,29.27471509987027,0.010699605438488243,101069.96054384882
2024-01-23,Real Estate,17.76111719347925,0.007411686612210436,100741.16866122105
2024-01-24,Tech,6.397884494317153,0.014141378724005045,101414.1378724005
2024-01-24,Pharma,10.511731707580406,-0.004868781269729913,99513.121873027
2024-01-24,Energy,18.32279697150215,0.004095869272168682,100409.58692721686
2024-01-24,Finance,9.201625628655083,-0.003545261047943823,99645.47389520562
2024-01-24,Retail,22.648425221063867,0.0036972098799443968,100369.72098799444
2024-01-24,Real Estate,17.572922757433552,-0.003002478494584991,99699.75215054149
2024-01-25,Tech,15.310673620046732,0.013110761294009718,101311.07612940097
2024-01-25,Pharma,7.201307666759458,-0.010464387434467879,98953.5612565532
2024-01-25,Energy,26.40493711469445,-0.005945602582921429,99405.43974170786
2024-01-25,Finance,29.440853130883486,0.013753470667401922,101375.34706674019
2024-01-25,Retail,25.80153794773738,0.006064826209259194,100606.48262092593
2024-01-25,Real Estate,7.474287669580743,-0.002789199650884977,99721.0800349115
2024-01-26,Tech,22.23929312907945,0.025214705487457207,102521.47054874572
2024-01-26,Pharma,17.822859750412494,0.009368673309123046,100936.8673309123
2024-01-26,Energy,23.502442554285224,-0.012238352802505863,98776.16471974942
2024-01-26,Finance,21.478418142305625,0.005533386610983359,100553.33866109834
2024-01-26,Retail,21.34953478388126,-0.01637661879466862,98362.33812053314
2024-01-26,Real Estate,15.414084985897112,0.0026142365022537306,100261.42365022536
2024-01-27,Tech,11.811164626075026,0.006354210885716902,100635.42108857169
2024-01-27,Pharma,8.780338953827053,0.0138138603026756,101381.38603026756
2024-01-27,Energy,19.190256192766338,0.006493707683774578,100649.37076837746
2024-01-27,Finance,21.109085747317785,-0.008008714384483522,99199.12856155165
2024-01-27,Retail,5.8347461205490125,-0.006198548622592793,99380.14513774072
2024-01-27,Real Estate,27.925222832187885,0.006864508580259419,100686.45085802594
2024-01-28,Tech,25.881953982242234,0.008024582555113942,100802.4582555114
2024-01-28,Pharma,16.752040934694534,0.010781859400820883,101078.18594008208
2024-01-28,Energy,24.946104443035942,-0.011769552525587179,98823.04474744128
2024-01-28,Finance,8.115411266621837,-0.010805520354647016,98919.4479645353
2024-01-28,Retail,29.394761403262866,0.01785159408600871,101785.15940860087
2024-01-28,Real Estate,14.561403383809699,0.016652897696016983,101665.2897696017
2024-01-29,Tech,24.217118119497172,0.017381043389194904,101738.1043389195
2024-01-29,Pharma,26.950401204354623,-0.0011968409005694333,99880.31590994305
2024-01-29,Energy,21.423127349318413,0.013112170460228391,101311.21704602284
2024-01-29,Finance,17.575269047560468,0.005912300670837018,100591.2300670837
2024-01-29,Retail,25.291039603174326,-0.0015287299966379262,99847.12700033622
2024-01-29,Real Estate,28.114881528371324,-0.0027033942506875905,99729.66057493124
2024-01-30,Tech,9.279854180237912,-0.010993733195391054,98900.62668046089
2024-01-30,Pharma,15.437952283902819,-0.027483070945092208,97251.69290549078
2024-01-30,Energy,26.672725672922923,0.007931443048057676,100793.14430480577
2024-01-30,Finance,29.782390914409604,0.006482791210389192,100648.27912103891
2024-01-30,Retail,29.37050974668998,0.002080954575747467,100208.09545757475
2024-01-30,Real Estate,12.532573593350154,0.009944835354158812,100994.48353541589
2024-01-31,Tech,23.092624016738647,0.015829294733270802,101582.92947332708
2024-01-31,Pharma,11.968197634101411,0.009143647757314959,100914.3647757315
2024-01-31,Energy,10.039380315169765,-0.011928681550660661,98807.13184493393
2024-01-31,Finance,14.883644357211828,0.00677808370167894,100677.80837016788
2024-01-31,Retail,17.314388488837075,-0.005043082416533576,99495.69175834664
2024-01-31,Real Estate,10.622054016293763,-0.0033091440761451874,99669.08559238547
2024-02-01,Tech,17.97221130086907,0.0016665106042064713,100166.65106042064
2024-02-01,Pharma,28.32839048385042,0.015507338543957156,101550.73385439573
2024-02-01,Energy,20.93539643325104,0.01613383912700997,101613.383912701
2024-02-01,Finance,28.842538392810294,-0.0004454352018949442,99955.4564798105
2024-02-01,Retail,13.328952151198182,-0.008348545752089999,99165.145424791
2024-02-01,Real Estate,18.39115100585631,-0.006445600968912259,99355.43990310878
2024-02-02,Tech,16.70587294243262,0.008807021534307641,100880.70215343077
2024-02-02,Pharma,12.4387491107681,-0.008973304719372464,99102.66952806276
2024-02-02,Energy,23.91299566427214,0.001180557758886282,100118.05577588864
2024-02-02,Finance,8.661633557971719,0.0011298476271879403,100112.9847627188
2024-02-02,Retail,12.648467977425666,0.012585476839564734,101258.54768395648
2024-02-02,Real Estate,15.02643901481769,0.0013449603597470235,100134.4960359747
2024-02-03,Tech,21.496690958620704,-0.004228161472711418,99577.18385272886
2024-02-03,Pharma,12.908703716179776,4.318485019570717e-05,100004.31848501955
2024-02-03,Energy,23.918004045867658,0.006212920578964096,100621.29205789641
2024-02-03,Finance,19.822111263665455,0.0039291721360036206,100392.91721360035
2024-02-03,Retail,24.161024389337314,-0.01746322897517361,98253.67710248264
2024-02-03,Real Estate,13.49594730760762,-0.009639143527536432,99036.08564724635
2024-02-04,Tech,8.976113168577475,0.013743949423299893,101374.39494232998
2024-02-04,Pharma,5.303685920284299,-0.002151877132695155,99784.81228673048
2024-02-04,Energy,19.372233075908348,0.0058884109341987515,100588.84109341988
2024-02-04,Finance,8.505389660399938,-0.00671849296051597,99328.1507039484
2024-02-04,Retail,9.101133438090496,-0.00020916765393733778,99979.08323460627
2024-02-04,Real Estate,21.188782868734773,-0.0051579102987413476,99484.20897012587
2024-02-05,Tech,12.219746543603932,-0.0006640536519263304,99933.59463480736
2024-02-05,Pharma,25.581931147071426,0.011785120842948705,101178.51208429487
2024-02-05,Energy,25.02914354555128,0.011806699301666175,101180.66993016661
2024-02-05,Finance,21.27562173545606,0.026479058210720934,102647.90582107208
2024-02-05,Retail,23.053259125794344,0.003423048545540415,100342.30485455404
2024-02-05,Real Estate,23.656190476190954,0.013088157375849608,101308.81573758497
2024-02-06,Tech,9.64069082034204,0.013272113835382678,101327.21138353826
2024-02-06,Pharma,29.18868622501178,0.010023901230122848,101002.39012301229
2024-02-06,Energy,15.544558822748872,-0.0027915337322470617,99720.8466267753
2024-02-06,Finance,15.479833618006593,-0.007182297948762387,99281.77020512377
2024-02-06,Retail,24.24968491291655,-0.003926812332039538,99607.31876679604
2024-02-06,Real Estate,10.49472846223983,-0.003706530461893518,99629.34695381064
2024-02-07,Tech,10.773387997829952,-0.01675254421569482,98324.74557843052
2024-02-07,Pharma,8.189382603471728,-0.015021390627886032,98497.8609372114
2024-02-07,Energy,7.724253155657494,-0.001426588181486551,99857.34118185134
2024-02-07,Finance,18.162552811650407,0.005064014493168362,100506.40144931684
2024-02-07,Retail,11.394395409753937,0.013330932117540278,101333.09321175404
2024-02-07,Real Estate,16.90682470697173,-0.004215105437411829,99578.48945625882
2024-02-08,Tech,7.739879216031002,0.0056920326003153925,100569.20326003154
2024-02-08,Pharma,21.665716221916988,-0.00509290353038363,99490.70964696164
2024-02-08,Energy,25.957684231704928,0.017810404063455906,101781.0404063456
2024-02-08,Finance,15.434021840811052,-0.016314095792158284,98368.59042078418
2024-02-08,Retail,10.530023118808225,-0.012890890690246837,98710.91093097531
2024-02-08,Real Estate,11.233250504362868,0.016238919916526144,101623.8919916526
2024-02-09,Tech,28.46178434172011,0.0028284405694360376,100282.8440569436
2024-02-09,Pharma,18.73838355228917,-0.0027991060087854142,99720.08939912145
2024-02-09,Energy,24.075908500297377,-0.00158862160454659,99841.13783954535
2024-02-09,Finance,24.900932129462863,-0.007316655011553468,99268.33449884466
2024-02-09,Retail,25.376955760621435,0.007318298137636644,100731.82981376367
2024-02-09,Real Estate,14.414942086531031,0.008561674309646213,100856.16743096462
2024-02-10,Tech,22.904864916747066,0.022867793859341148,102286.77938593412
2024-02-10,Pharma,16.794558344506278,0.018500327560833595,101850.03275608335
2024-02-10,Energy,23.374987994261915,-0.006639792034792228,99336.02079652078
2024-02-10,Finance,27.179961281965472,0.0015491152126817936,100154.91152126818
2024-02-10,Retail,20.70078494777762,-0.001142361590183926,99885.76384098161
2024-02-10,Real Estate,5.045908868545647,0.009713482380425624,100971.34823804257
2024-02-11,Tech,24.067165775433047,-0.00297443618911302,99702.5563810887
2024-02-11,Pharma,19.315319112985808,0.0009774919024898555,100097.74919024899
2024-02-11,Energy,28.277087501782315,-0.006258395326759942,99374.160467324
2024-02-11,Finance,21.237864642288315,-0.008519381915200349,99148.06180847996
2024-02-11,Retail,25.522855969192268,0.014373280954557525,101437.32809545576
2024-02-11,Real Estate,13.167430792455384,0.011951831598048338,101195.18315980483
2024-02-12,Tech,5.250758240245832,-0.00231599285131382,99768.40071486862
2024-02-12,Pharma,13.795549835202534,0.01056681229312092,101056.68122931209
2024-02-12,Energy,28.996700346938283,0.026999771023339784,102699.97710233399
2024-02-12,Finance,10.04516648421399,0.02395981041087463,102395.98104108746
2024-02-12,Retail,23.204996008157735,-0.004284050352988705,99571.59496470113
2024-02-12,Real Estate,21.854078097496526,-0.004919184681268904,99508.0815318731
2024-02-13,Tech,26.731990756184185,-0.002622331764380712,99737.76682356192
2024-02-13,Pharma,22.38099194706525,0.021163144704869363,102116.31447048695
2024-02-13,Energy,16.374591893200282,0.012208090011305812,101220.80900113058
2024-02-13,Finance,5.367213269762864,0.006939876401042433,100693.98764010424
2024-02-13,Retail,10.47466831495615,-0.007288942903250559,99271.10570967494
2024-02-13,Real Estate,18.053648823393313,0.016542706178902824,101654.27061789027
2024-02-14,Tech,22.125114096087167,0.012977439631109564,101297.74396311096
2024-02-14,Pharma,14.478997115543816,0.0014821040543286231,100148.21040543287
2024-02-14,Energy,22.294417060232266,0.010393629390263092,101039.36293902631
2024-02-14,Finance,7.843520408562994,-0.024686526151868365,97531.34738481315
2024-02-14,Retail,25.786951593071983,-0.011198394009941761,98880.16059900583
2024-02-14,Real Estate,7.219168274246419,-0.010095850565630393,98990.41494343696
2024-02-15,Tech,17.659823541872125,-0.008261912679060525,99173.80873209395
2024-02-15,Pharma,23.789308303284876,-0.0012934812791958483,99870.65187208042
2024-02-15,Energy,6.660284352771146,-0.0007767622068398183,99922.32377931601
2024-02-15,Finance,13.943900769237253,-0.011031254212432198,98896.87457875678
2024-02-15,Retail,11.887877646262844,0.010519726259348256,101051.97262593481
2024-02-15,Real Estate,15.810365375319678,0.026870036342473102,102687.00363424732
2024-02-16,Tech,24.40450972550865,0.004662956208083007,100466.2956208083
2024-02-16,Pharma,25.04529660756603,0.0004840388767094011,100048.40388767094
2024-02-16,Energy,7.661234279257515,0.0032717208972088078,100327.17208972089
2024-02-16,Finance,16.72220897508612,-0.016961989159816608,98303.80108401834
2024-02-16,Retail,6.174544768393315,0.024343736663217565,102434.37366632176
2024-02-16,Real Estate,16.5841443476681,0.0068708746571218005,100687.08746571217
2024-02-17,Tech,26.65334178783481,0.01488995846061242,101488.99584606124
2024-02-17,Pharma,19.670590311125697,0.003342753351061411,100334.27533510615
2024-02-17,Energy,27.7326856421484,0.006020492815067766,100602.04928150678
2024-02-17,Finance,16.199768059423537,-0.00425706046451676,99574.29395354832
2024-02-17,Retail,22.439382226737564,-0.008987244844937303,99101.27551550628
2024-02-17,Real Estate,15.914668185030663,0.0021034054462883605,100210.34054462882
2024-02-18,Tech,21.846962474981996,-0.0013108635932284965,99868.91364067714
2024-02-18,Pharma,13.879557390079057,0.003062525398199923,100306.25253982
2024-02-18,Energy,14.01519594294323,0.011751983843695751,101175.19838436956
2024-02-18,Finance,14.888151882400356,0.0012551792433695794,100125.51792433695
2024-02-18,Retail,8.670202733665366,-0.005093182531030138,99490.681746897
2024-02-18,Real Estate,13.611419652498936,0.0005792888044394934,100057.92888044396
2024-02-19,Tech,17.855805185846663,0.013840147607055242,101384.01476070553
2024-02-19,Pharma,25.027997053979924,0.0012382227212070968,100123.82227212071
2024-02-19,Energy,12.065820281116869,-0.009844893575587186,99015.51064244128
2024-02-19,Finance,21.423467725183958,-0.0026429095852140193,99735.70904147859
2024-02-19,Retail,11.087875698291581,0.012435653483923613,101243.56534839237
2024-02-19,Real Estate,9.341484661457129,0.004340835513784259,100434.08355137841
2024-02-20,Tech,16.29085084178618,-0.004073781766794267,99592.62182332057
2024-02-20,Pharma,10.71490723462228,0.0028177388113893786,100281.77388113894
2024-02-20,Energy,8.931500713760673,-0.0107217000862082,98927.82999137919
2024-02-20,Finance,18.82755442322532,-0.006933359609401337,99306.66403905986
2024-02-20,Retail,10.461252305465415,0.0009981024509305133,100099.81024509305
2024-02-20,Real Estate,8.035016484115065,0.0014450818407615454,100144.50818407617
2024-02-21,Tech,11.721526816137047,-0.002479147401539012,99752.0852598461
2024-02-21,Pharma,22.84640878821588,-0.003763041325171084,99623.6958674829
2024-02-21,Energy,17.946821633761928,-0.001391894886937294,99860.81051130628
2024-02-21,Finance,7.16551286220926,-0.0054192070145611514,99458.07929854389
2024-02-21,Retail,12.267067462879234,-0.004462451068694605,99553.75489313054
2024-02-21,Real Estate,24.454068256535837,-0.0053435346635177655,99465.64653364822
2024-02-22,Tech,24.587434319006874,0.009523691592935845,100952.36915929358
2024-02-22,Pharma,11.129129455367686,0.011640839676800928,101164.08396768008
2024-02-22,Energy,16.018358062997812,0.020195694157001322,102019.56941570014
2024-02-22,Finance,26.40865346206702,-0.02207507902728013,97792.49209727198
2024-02-22,Retail,27.215649194540603,-0.0029165736395135593,99708.34263604865
2024-02-22,Real Estate,8.700608757178648,-0.013765327339033217,98623.46726609668
2024-02-23,Tech,21.20439089549794,0.011816142769869474,101181.61427698695
2024-02-23,Pharma,17.97229190234519,0.0028246699924840586,100282.46699924841
2024-02-23,Energy,24.527314125515794,0.012092787004910746,101209.27870049108
2024-02-23,Finance,6.004031491574844,-0.010356127778172228,98964.38722218278
2024-02-23,Retail,8.788179166232691,0.010350740888744818,101035.07408887449
2024-02-23,Real Estate,27.12785307242098,-0.0008502228864237541,99914.97771135763
2024-02-24,Tech,19.969247354267868,0.004365640154276916,100436.56401542769
2024-02-24,Pharma,9.422032591630106,-0.007406037359992524,99259.39626400074
2024-02-24,Energy,13.761630310296805,0.00765303773131943,100765.30377313195
2024-02-24,Finance,22.339253999480047,-0.0029570701338218768,99704.29298661782
2024-02-24,Retail,6.776416133107384,-0.0018691898608810698,99813.0810139119
2024-02-24,Real Estate,23.869114314408097,0.012189112677349385,101218.91126773495
2024-02-25,Tech,24.416969506904554,-0.003652502620433046,99634.74973795669
2024-02-25,Pharma,29.888503593479633,0.007598161536238048,100759.81615362382
2024-02-25,Energy,15.256280733271764,0.005534042606058375,100553.40426060584
2024-02-25,Finance,29.959425136351594,-0.01166221041199581,98833.77895880042
2024-02-25,Retail,28.599002665209625,-0.0019614955888566494,99803.85044111434
2024-02-25,Real Estate,15.651817413862336,-0.0012130289148863046,99878.69710851138
2024-02-26,Tech,24.083886349725667,0.0053241350660565585,100532.41350660566
2024-02-26,Pharma,20.372198965123935,0.013509668004988915,101350.96680049889
2024-02-26,Energy,8.016481093474466,0.020824639380071484,102082.46393800715
2024-02-26,Finance,22.089970786756822,-0.015187689208582711,98481.23107914173
2024-02-26,Retail,7.2943591084753026,0.004143314895219217,100414.33148952192
2024-02-26,Real Estate,24.655884925024704,0.002074101026615636,100207.41010266157
2024-02-27,Tech,20.59690874263595,0.0010424680500397605,100104.24680500398
2024-02-27,Pharma,21.573887719699336,-0.0002424365778935792,99975.75634221065
2024-02-27,Energy,18.717351942326673,0.006499703216767377,100649.97032167672
2024-02-27,Finance,16.742481399083317,0.010888241321208119,101088.82413212082
2024-02-27,Retail,10.864339588698655,-0.011636507782464795,98836.34922175351
2024-02-27,Real Estate,6.504891654293456,0.0006522696134621649,100065.22696134621
2024-02-28,Tech,10.848988144710058,0.014769456671256799,101476.94566712568
2024-02-28,Pharma,17.4843531587382,-0.012417755542861859,98758.22444571381
2024-02-28,Energy,23.378630173458777,0.009427676780610867,100942.7676780611
2024-02-28,Finance,18.686900305447686,0.01078804898538873,101078.80489853886
2024-02-28,Retail,21.57583084277123,-0.008218585904200517,99178.14140957994
2024-02-28,Real Estate,16.94964694670145,0.01062457168765443,101062.45716876545
2024-02-29,Tech,15.880159807722828,-0.00530575748576393,99469.42425142361
2024-02-29,Pharma,19.950536024261936,-0.020537221700963768,97946.27782990363
2024-02-29,Energy,20.604985023709823,0.0050100882440935225,100501.00882440935
2024-02-29,Finance,26.734363330926104,0.010297129478824253,101029.71294788244
2024-02-29,Retail,21.41532600150473,0.013124075129596673,101312.40751295967
2024-02-29,Real Estate,23.22549013921431,-0.013961702504530073,98603.82974954699
2024-03-01,Tech,22.14135963210065,-0.005405359121816606,99459.46408781834
2024-03-01,Pharma,21.410267561884336,-0.0018110406040425854,99818.89593959574
2024-03-01,Energy,7.75656629191528,0.004408201931607569,100440.82019316076
2024-03-01,Finance,27.179576996061925,0.0024581342736612628,100245.81342736614
2024-03-01,Retail,28.0733355984059,-0.007164196162720651,99283.58038372794
2024-03-01,Real Estate,6.193618919401898,0.01421785059209441,101421.78505920945
2024-03-02,Tech,6.539014537985281,-0.0053181993538449004,99468.1800646155
2024-03-02,Pharma,12.827347654988255,0.006026473402987847,100602.64734029878
2024-03-02,Energy,19.65266575673222,0.003848869416977363,100384.88694169774
2024-03-02,Finance,27.711470801471265,0.013036010242216572,101303.60102422167
2024-03-02,Retail,17.339269041940206,-0.006280547361320716,99371.94526386794
2024-03-02,Real Estate,17.32604347687839,0.01104212726680859,101104.21272668087
2024-03-03,Tech,8.454873184019128,0.012849085365937245,101284.90853659374
2024-03-03,Pharma,29.536470807464756,0.012295945386366022,101229.59453863661
2024-03-03,Energy,23.068831336264708,-0.012497070861778347,98750.29291382217
2024-03-03,Finance,24.69288495102004,-0.0016403298624881272,99835.96701375119
2024-03-03,Retail,13.84489089826553,-0.00024495502797463947,99975.50449720254
2024-03-03,Real Estate,9.915079400370395,0.001982896923100307,100198.28969231003
2024-03-04,Tech,20.51086889356469,0.0034898192423569348,100348.98192423569
2024-03-04,Pharma,9.977445165594972,-0.009601690837968854,99039.83091620312
2024-03-04,Energy,9.19204615529106,0.005340089430460765,100534.00894304606
2024-03-04,Finance,23.99054861112891,-0.007428603977875958,99257.13960221241
2024-03-04,Retail,7.995004765550433,0.014353047914438189,101435.30479144382
2024-03-04,Real Estate,7.013910582523772,0.004876111940442612,100487.61119404426
2024-03-05,Tech,6.310304984626173,0.011806020451532314,101180.60204515322
2024-03-05,Pharma,14.312495493760691,-0.020739765759881616,97926.02342401184
2024-03-05,Energy,22.835812463384606,-0.005587870582602279,99441.21294173978
2024-03-05,Finance,6.985456627442014,0.019914492808419334,101991.44928084195
2024-03-05,Retail,19.88815987877513,-0.005617496411839324,99438.25035881608
2024-03-05,Real Estate,5.359946078872195,-0.013331704579801696,98666.82954201983
2024-03-06,Tech,18.027704080672606,0.007194450946799871,100719.44509467998
2024-03-06,Pharma,23.789409741011475,0.01768953888983252,101768.95388898326
2024-03-06,Energy,29.98539064243778,-0.01203878325700042,98796.12167429995
2024-03-06,Finance,19.307282232692444,0.0064595366254658285,100645.95366254658
2024-03-06,Retail,11.126862951345494,-0.01123386017208391,98876.6139827916
2024-03-06,Real Estate,17.999638984071957,-0.012966076678028607,98703.39233219714
2024-03-07,Tech,18.093297996068067,-0.006579719387012869,99342.02806129871
2024-03-07,Pharma,9.69238070707521,0.01952140831277468,101952.14083127746
2024-03-07,Energy,17.27467877989821,0.006994148749214274,100699.41487492142
2024-03-07,Finance,7.881921669403203,0.009992458684364516,100999.24586843645
2024-03-07,Retail,28.708379966675476,0.008024325713207452,100802.43257132075
2024-03-07,Real Estate,5.8017003460758145,-0.016398417849983304,98360.15821500168
2024-03-08,Tech,27.73691744962536,-0.010931480002598604,98906.85199974015
2024-03-08,Pharma,22.08331292275563,0.009870587842650429,100987.05878426504
2024-03-08,Energy,12.313678836374748,-0.0031286385716448512,99687.13614283552
2024-03-08,Finance,20.00162694807856,-0.015945563851262202,98405.44361487377
2024-03-08,Retail,10.233659447303577,0.005518598297808154,100551.8598297808
2024-03-08,Real Estate,5.186503867622697,0.01611847126383295,101611.84712638329
2024-03-09,Tech,18.73439703836402,0.01847561912754201,101847.56191275419
2024-03-09,Pharma,27.444548413174143,-0.00789399266083205,99210.6007339168
2024-03-09,Energy,11.566232563487773,-0.00845710323618161,99154.28967638183
2024-03-09,Finance,7.139851637853743,0.004966065720448677,100496.60657204487
2024-03-09,Retail,28.295711921104147,0.0005440155603762846,100054.40155603761
2024-03-09,Real Estate,8.458059845567627,0.011851695434365433,101185.16954343655
2024-03-10,Tech,11.58307155355451,0.019689588072476973,101968.9588072477
2024-03-10,Pharma,22.26519842010859,0.009014938326487545,100901.49383264875
2024-03-10,Energy,23.6953403226048,-0.006239804215511336,99376.01957844888
2024-03-10,Finance,5.315577950946003,-0.009097249810418822,99090.27501895811
2024-03-10,Retail,6.849635336124009,-0.008991078029964591,99100.89219700354
2024-03-10,Real Estate,17.313516764473764,-0.005254333485387222,99474.56665146128
2024-03-11,Tech,26.216540268305835,0.009898971503739208,100989.89715037392
2024-03-11,Pharma,20.00633172150102,0.008732515186369806,100873.25151863697
2024-03-11,Energy,22.510918914205778,0.0026292827349324688,100262.92827349326
2024-03-11,Finance,19.264824965002575,-0.01248762706935586,98751.2372930644
2024-03-11,Retail,20.717762578106132,0.00474192964171086,100474.19296417109
2024-03-11,Real Estate,18.747996447163864,0.0026253579096173108,100262.53579096173
2024-03-12,Tech,12.233512248853366,-0.004802334658608626,99519.76653413914
2024-03-12,Pharma,5.7697197333951,-0.015899023925387355,98410.09760746127
2024-03-12,Energy,27.8563355104031,-0.004342113687521642,99565.78863124784
2024-03-12,Finance,9.367428997820682,0.0029099961344832156,100290.99961344832
2024-03-12,Retail,20.077663146741,-0.013120848531108764,98687.91514688912
2024-03-12,Real Estate,9.508492729417803,-0.002528344441102399,99747.16555588976
2024-03-13,Tech,23.252156883631717,-0.003944318842663441,99605.56811573365
2024-03-13,Pharma,13.926680229378755,0.002382556978086195,100238.25569780862
2024-03-13,Energy,16.03892701408498,0.003607308833830412,100360.73088338305
2024-03-13,Finance,10.815850471801042,-0.01696705674184988,98303.29432581502
2024-03-13,Retail,27.485724577986552,-0.001787690140127906,99821.2309859872
2024-03-13,Real Estate,8.121240076306547,-0.010529108791801,98947.0891208199
2024-03-14,Tech,13.956315675570439,0.02897894090137142,102897.89409013714
2024-03-14,Pharma,13.287162986538043,-0.007538691695930397,99246.13083040697
2024-03-14,Energy,25.24085545189734,0.0029312007336092807,100293.12007336093
2024-03-14,Finance,8.088163953556624,0.0005761079391567017,100057.61079391566
2024-03-14,Retail,9.588621100026879,0.0029749529466096647,100297.49529466097
2024-03-14,Real Estate,14.000585390038157,0.01426427384917393,101426.42738491738
2024-03-15,Tech,15.261239464803465,-0.007804232550053544,99219.57674499464
2024-03-15,Pharma,24.128170815649653,0.0017788098223946692,100177.88098223947
2024-03-15,Energy,16.22841807698984,0.014697706649576217,101469.77066495761
2024-03-15,Finance,19.229828689796342,-0.0040465905088408315,99595.34094911591
2024-03-15,Retail,23.85382849906226,-0.0067881192021385095,99321.18807978615
2024-03-15,Real Estate,5.312288730792917,-0.0006974665874564252,99930.25334125436
2024-03-16,Tech,22.630786699115898,-0.0014312738764304125,99856.87261235696
2024-03-16,Pharma,21.556594291187128,-0.006859914695782848,99314.00853042172
2024-03-16,Energy,29.959624470816586,-0.005839490898136648,99416.05091018634
2024-03-16,Finance,10.09409472872491,0.005014006110220985,100501.40061102211
2024-03-16,Retail,7.14822600771343,-0.0034987401931051453,99650.12598068948
2024-03-16,Real Estate,5.435350691575831,-0.0023277705853585406,99767.22294146415
2024-03-17,Tech,24.966131384365447,-0.0015721048449362706,99842.78951550637
2024-03-17,Pharma,11.805012643369803,-0.0011815502966533186,99881.84497033467
2024-03-17,Energy,23.844352673328824,0.0028038829913342544,100280.38829913341
2024-03-17,Finance,10.425868943258418,-0.014630637885678968,98536.9362114321
2024-03-17,Retail,14.677277374717578,0.016679669551210793,101667.96695512108
2024-03-17,Real Estate,12.042281531123702,0.0018389103620105732,100183.89103620106
2024-03-18,Tech,16.161961255423062,-0.012893849178098564,98710.61508219014
2024-03-18,Pharma,10.500915768909357,0.009016298378444872,100901.62983784449
2024-03-18,Energy,19.222703311674714,-0.013863327739753697,98613.66722602463
2024-03-18,Finance,19.145318332195338,0.018980020088482662,101898.00200884827
2024-03-18,Retail,25.049888668928094,0.0016605286399556864,100166.05286399556
2024-03-18,Real Estate,21.450487889383094,-0.0011804131064722212,99881.95868935277
2024-03-19,Tech,11.726071629542618,-0.0014549333038593962,99854.50666961406
2024-03-19,Pharma,25.25794159821552,0.007803007777204012,100780.3007777204
2024-03-19,Energy,8.861408052663215,-0.004302543622791184,99569.74563772089
2024-03-19,Finance,11.968298638406495,0.0011951487847469224,100119.5148784747
2024-03-19,Retail,25.7414080909062,0.020695930692433834,102069.59306924339
2024-03-19,Real Estate,25.180516925870265,-0.005279676033309456,99472.03239666905
2024-03-20,Tech,18.25826838699269,0.0150028009431794,101500.28009431793
2024-03-20,Pharma,8.011118886291941,0.005173336628332359,100517.33366283325
2024-03-20,Energy,6.78880814466123,0.00318873735922627,100318.87373592264
2024-03-20,Finance,21.118778785363403,0.001190051244882227,100119.00512448822
2024-03-20,Retail,22.627452707166153,0.01139600572797863,101139.60057279788
2024-03-20,Real Estate,9.940535810054616,0.01684472221609358,101684.47222160937
2024-03-21,Tech,26.006876294638882,0.004012799843185637,100401.27998431856
2024-03-21,Pharma,6.727048912492235,0.0010611271387928043,100106.11271387928
2024-03-21,Energy,12.462098885533594,0.00597695933250687,100597.6959332507
2024-03-21,Finance,21.965141122202166,0.006875815618867761,100687.58156188678
2024-03-21,Retail,7.664925984353256,0.016732637705618197,101673.26377056183
2024-03-21,Real Estate,14.021041738435153,-0.006965177627650159,99303.48223723499
2024-03-22,Tech,22.94603540342154,0.004113197818330443,100411.31978183304
2024-03-22,Pharma,13.863335064330554,-0.017310094536664523,98268.99054633355
2024-03-22,Energy,28.037515367699577,-0.016948118528472347,98305.18814715276
2024-03-22,Finance,6.425264546349203,-0.004211925029823808,99578.80749701762
2024-03-22,Retail,8.636354033164485,0.018161922875130285,101816.19228751303
2024-03-22,Real Estate,28.859197857647228,0.0061993025370308385,100619.93025370309
2024-03-23,Tech,19.92008036583904,0.010598516710361872,101059.85167103619
2024-03-23,Pharma,27.561978510919026,0.015736511054765912,101573.65110547659
2024-03-23,Energy,12.561001410939056,0.005250706495064995,100525.07064950651
2024-03-23,Finance,5.178207507311884,0.0015665249037149552,100156.65249037149
2024-03-23,Retail,11.774477138212273,-0.001364646948235101,99863.53530517648
2024-03-23,Real Estate,9.20954843584001,0.016540050628756926,101654.0050628757
2024-03-24,Tech,19.2912623133723,-0.028549863578038397,97145.01364219617
2024-03-24,Pharma,13.54362989184054,0.010041757722995717,101004.17577229957
2024-03-24,Energy,6.313424523700063,0.004578439451572739,100457.84394515726
2024-03-24,Finance,19.633990893105384,0.02510812470421031,102510.81247042103
2024-03-24,Retail,5.06100455600567,0.014037486927568033,101403.74869275681
2024-03-24,Real Estate,11.14619120000894,-0.0017670101808494208,99823.29898191505
2024-03-25,Tech,25.20851092253849,0.008238589664015554,100823.85896640156
2024-03-25,Pharma,26.855788078346333,-0.007726544553907618,99227.34554460924
2024-03-25,Energy,25.411588137214405,-0.010015618111062942,98998.4381888937
2024-03-25,Finance,16.864690978201693,-0.005385074087512204,99461.49259124878
2024-03-25,Retail,13.85720868046114,0.011655723434297717,101165.57234342978
2024-03-25,Real Estate,15.771359658517643,0.020489068911991516,102048.90689119915
2024-03-26,Tech,24.18526385478603,0.0004312371322972801,100043.12371322972
2024-03-26,Pharma,27.03366186474436,-0.0002122899013204322,99978.77100986797
2024-03-26,Energy,15.449926963103529,-0.00501443381843549,99498.55661815645
2024-03-26,Finance,26.27312033812123,0.015023972579614374,101502.39725796143
2024-03-26,Retail,29.98075410376154,0.0018874326494132902,100188.74326494134
2024-03-26,Real Estate,29.04003327536183,-0.011159541319172626,98884.04586808274
2024-03-27,Tech,15.158109501735222,0.010269314550475275,101026.93145504752
2024-03-27,Pharma,7.768477454127955,0.00804226854885289,100804.22685488529
2024-03-27,Energy,11.564040083620014,0.017804685340656136,101780.46853406561
2024-03-27,Finance,13.682132551548992,0.000765323603310795,100076.53236033107
2024-03-27,Retail,10.106744183029885,-0.019120623014193882,98087.9376985806
2024-03-27,Real Estate,26.82423692319208,-0.0157881770550788,98421.18229449212
2024-03-28,Tech,28.34413804575411,-0.0047979668625004745,99520.20331374995
2024-03-28,Pharma,24.650614992371835,-0.0074571650568195594,99254.28349431804
2024-03-28,Energy,11.126220447105286,0.009241007354552225,100924.10073545521
2024-03-28,Finance,17.77083932904514,-0.011146472052955395,98885.35279470446
2024-03-28,Retail,22.59012651445728,0.0005779063175117909,100057.79063175118
2024-03-28,Real Estate,21.821153164525192,-0.0074193199569103415,99258.06800430897
2024-03-29,Tech,16.860227326015213,-0.010312531240225076,98968.7468759775
2024-03-29,Pharma,12.59413188718295,0.003173083484058589,100317.30834840586
2024-03-29,Energy,16.029501884107418,-0.014858677264078244,98514.13227359219
2024-03-29,Finance,15.131183224160619,0.006606895109903864,100660.68951099039
2024-03-29,Retail,14.195626399794346,0.00871882608257929,100871.88260825792
2024-03-29,Real Estate,8.683117443743807,0.007511357620231475,100751.13576202314
2024-03-30,Tech,17.938640682668378,-0.011317471004165667,98868.25289958343
2024-03-30,Pharma,6.645139550102606,-0.012740024890076227,98725.99751099238
2024-03-30,Energy,28.64593703675143,-0.0008368841973088799,99916.31158026912
2024-03-30,Finance,26.360735451235257,0.006911525986403861,100691.15259864039
2024-03-30,Retail,13.252729541364722,0.016600418681706378,101660.04186817064
2024-03-30,Real Estate,18.076602767482143,0.0044109436395325646,100441.09436395325
2024-03-31,Tech,9.095217910106904,0.014035255972119002,101403.5255972119
2024-03-31,Pharma,24.521579715839398,-0.005809305430536031,99419.0694569464
2024-03-31,Energy,13.44782191983127,-0.013860129270017547,98613.98707299825
2024-03-31,Finance,11.277097802693639,0.002484534361869712,100248.45343618697
2024-03-31,Retail,8.62028230286858,0.017533457122691054,101753.3457122691
2024-03-31,Real Estate,26.97965427713007,-0.004308851224989245,99569.11487750108
2024-04-01,Tech,18.617478279349257,-0.012321345793062002,98767.86542069381
2024-04-01,Pharma,10.051567078262256,0.00885969243160008,100885.96924316
2024-04-01,Energy,14.892625030735747,-0.004423557745394007,99557.6442254606
2024-04-01,Finance,7.302535855854703,0.0011218257267985165,100112.18257267984
2024-04-01,Retail,20.76925028734466,-0.001660437783947707,99833.95622160523
2024-04-01,Real Estate,28.412895269217636,-0.013427971242069821,98657.20287579301
2024-04-02,Tech,26.56513234518726,-0.006577822868789681,99342.21771312103
2024-04-02,Pharma,7.0735627020392755,-0.013119991211395296,98688.00087886048
2024-04-02,Energy,16.513020759950038,0.021247119016930174,102124.71190169301
2024-04-02,Finance,15.158478865939156,0.004329185130423343,100432.91851304233
2024-04-02,Retail,12.39736890455667,0.00752455299504037,100752.45529950403
2024-04-02,Real Estate,14.912281786073379,0.0029459690461610976,100294.5969046161
2024-04-03,Tech,12.33592221997647,0.006932912332632839,100693.2912332633
2024-04-03,Pharma,28.995040338964323,0.004212341290084893,100421.2341290085
2024-04-03,Energy,10.50364669764995,0.0062618927755209546,100626.1892775521
2024-04-03,Finance,11.749764246257284,-0.0022999859913835183,99770.00140086166
2024-04-03,Retail,13.639929093865325,0.009995810105354271,100999.58101053543
2024-04-03,Real Estate,26.946293220534884,0.0199356620441743,101993.56620441744
2024-04-04,Tech,20.29621446224708,-0.007489898073360021,99251.010192664
2024-04-04,Pharma,29.375660021964602,0.0002914590346132039,100029.14590346132
2024-04-04,Energy,15.557900801625536,0.0012762350344791575,100127.62350344793
2024-04-04,Finance,23.449139794781,0.02827067448690337,102827.06744869034
2024-04-04,Retail,21.16127726999067,0.003208287603932562,100320.82876039325
2024-04-04,Real Estate,25.650937095605716,-0.020759153124981732,97924.08468750182
2024-04-05,Tech,20.83638763880878,0.014434614803574585,101443.46148035745
2024-04-05,Pharma,16.05475576543219,-0.00017220564903302495,99982.7794350967
2024-04-05,Energy,10.329730254190633,-0.01399840189651369,98600.15981034863
2024-04-05,Finance,5.621565840393262,0.013371357049314293,101337.13570493144
2024-04-05,Retail,10.351868115554065,0.005038634038156855,100503.8634038157
2024-04-05,Real Estate,23.167871054688916,-0.004624397956608446,99537.56020433916
2024-04-06,Tech,20.363101713825788,0.008341596350891262,100834.15963508912
2024-04-06,Pharma,23.49734290292228,0.02049685722708727,102049.68572270872
2024-04-06,Energy,12.041782788795162,-0.014091098635602182,98590.89013643978
2024-04-06,Finance,12.67431076287297,0.019439041674524093,101943.9041674524
2024-04-06,Retail,26.907790366611884,-0.011057405342598093,98894.2594657402
2024-04-06,Real Estate,25.2757237269429,-0.0048992799236369285,99510.0720076363
2024-04-07,Tech,8.165854915290328,0.00032967917036223223,100032.96791703622
2024-04-07,Pharma,13.90921426405904,-0.005835831813345769,99416.41681866543
2024-04-07,Energy,19.945894558731634,0.006232954351739515,100623.29543517395
2024-04-07,Finance,28.81794728012279,0.0023572258621429878,100235.7225862143
2024-04-07,Retail,17.374398761463567,-0.006177585276530872,99382.24147234691
2024-04-07,Real Estate,7.4923744968444375,-0.007197465139347402,99280.25348606527
2024-04-08,Tech,11.996825415022704,-0.0018697849968625896,99813.02150031374
2024-04-08,Pharma,20.738015318564152,0.007700256095678652,100770.02560956786
2024-04-08,Energy,29.531083615822048,0.0028123190299470958,100281.23190299471
2024-04-08,Finance,22.49225997461291,-0.0028021941698920393,99719.7805830108
2024-04-08,Retail,25.476002928875637,0.0005555825612865499,100055.55825612866
2024-04-08,Real Estate,20.800020677151632,-0.010825235455223995,98917.4764544776
2024-04-09,Tech,24.002096210429666,0.006171164612212836,100617.11646122129
2024-04-09,Pharma,16.729195398736703,0.017492154016910268,101749.21540169102
2024-04-09,Energy,28.542883776524846,-0.0046065311200493685,99539.34688799507
2024-04-09,Finance,7.776826945823871,-0.004996171314952776,99500.38286850472
2024-04-09,Retail,7.816799016842634,0.003257078519546511,100325.70785195465
2024-04-09,Real Estate,28.3772855239527,0.010166715314255007,101016.67153142551
2024-04-10,Tech,27.17162669571974,0.010279437813274951,101027.94378132749
2024-04-10,Pharma,14.485942832755898,-0.01330469867163957,98669.53013283605
2024-04-10,Energy,26.904410796175252,-0.005383673887436855,99461.63261125631
2024-04-10,Finance,11.332208566653053,0.004160532652026013,100416.0532652026
2024-04-10,Retail,21.439471169226803,0.002673744482076116,100267.37444820761
2024-04-10,Real Estate,11.10634243510212,-0.015712108009365438,98428.78919906347
2024-04-11,Tech,22.063162514661496,0.002407468965364737,100240.74689653648
2024-04-11,Pharma,13.425205762424351,-0.0031643352601253586,99683.56647398746
2024-04-11,Energy,16.338029008325236,-0.013491434660464232,98650.85653395359
2024-04-11,Finance,28.553978038200114,-0.0002518579645016349,99974.81420354983
2024-04-11,Retail,5.004073400995636,-0.008801194416992477,99119.88055830075
2024-04-11,Real Estate,13.99811623624407,-0.0026862507185365027,99731.37492814635
2024-04-12,Tech,7.598671421714788,-0.011517234743837599,98848.27652561624
2024-04-12,Pharma,18.844624993792472,-0.004261553951359159,99573.84460486408
2024-04-12,Energy,5.298932253512388,-0.017749025999261477,98225.09740007386
2024-04-12,Finance,13.036460155760183,0.0010122430939951631,100101.22430939952
2024-04-12,Retail,13.867023697315462,0.012813448423249501,101281.34484232496
2024-04-12,Real Estate,13.242610104086602,0.007795256115252922,100779.5256115253
2024-04-13,Tech,28.124797184285743,-0.005308262930503368,99469.17370694966
2024-04-13,Pharma,7.445084053464935,0.015372817333658735,101537.28173336587
2024-04-13,Energy,19.00850197105637,-0.009448104460649408,99055.18955393507
2024-04-13,Finance,26.300611821297263,0.003611820809249481,100361.18208092495
2024-04-13,Retail,14.53570510549619,0.0012210931292637988,100122.10931292638
2024-04-13,Real Estate,15.551011309200831,-0.01150615589057989,98849.384410942
2024-04-14,Tech,21.0539359364856,-0.011720378232262112,98827.96217677378
2024-04-14,Pharma,8.911199491745009,-0.0003390865852892264,99966.09134147108
2024-04-14,Energy,21.94812849791768,0.007455302538590461,100745.53025385903
2024-04-14,Finance,17.868499593784108,-0.0044349319668440055,99556.5068033156
2024-04-14,Retail,20.202018280485035,-0.010349642915966333,98965.03570840337
2024-04-14,Real Estate,8.974186053227937,-0.006535529462631294,99346.44705373688
2024-04-15,Tech,22.6770488687137,-0.00026269929357475785,99973.73007064252
2024-04-15,Pharma,24.53272978619654,0.02019743817661087,102019.74381766107
2024-04-15,Energy,25.0647996208423,0.020339701514524276,102033.97015145243
2024-04-15,Finance,27.802619510420655,-0.007089158228791498,99291.08417712085
2024-04-15,Retail,7.0362641541216,0.00033438442304296976,100033.4384423043
2024-04-15,Real Estate,13.293489822975284,-0.0025331772051925194,99746.68227948075
2024-04-16,Tech,7.175166042193369,-0.0040567871975152985,99594.32128024846
2024-04-16,Pharma,7.484902253734456,-0.0060811196122498214,99391.88803877503
2024-04-16,Energy,12.976990186779492,0.0037419352935666663,100374.19352935666
2024-04-16,Finance,22.415590849219782,-0.00904688404065274,99095.31159593472
2024-04-16,Retail,24.387250356641555,0.004960319775682521,100496.03197756824
2024-04-16,Real Estate,5.762221306181704,-0.004087083758859118,99591.29162411409
2024-04-17,Tech,21.636032173723965,0.0007695933149608788,100076.9593314961
2024-04-17,Pharma,29.05765285495914,-0.012890601473334087,98710.93985266659
2024-04-17,Energy,21.217459143388123,0.014940558775903976,101494.05587759039
2024-04-17,Finance,5.139050959250778,-0.009568351167112145,99043.16488328879
2024-04-17,Retail,28.762465424716698,-0.011354536050019338,98864.54639499806
2024-04-17,Real Estate,20.381672130958652,0.01033455450175978,101033.45545017597
2024-04-18,Tech,14.506237084058034,0.012330401995477318,101233.04019954773
2024-04-18,Pharma,16.76989810109157,0.006312102371258246,100631.21023712582
2024-04-18,Energy,10.552930024304533,-2.480264403270031e-05,99997.51973559672
2024-04-18,Finance,9.409696858883278,0.003392489774478265,100339.24897744783
2024-04-18,Retail,23.480333226324078,0.011111070649630676,101111.10706496307
2024-04-18,Real Estate,5.041905719704152,0.005704356532880716,100570.43565328808
2024-04-19,Tech,13.682866317115625,0.005605848339686871,100560.58483396868
2024-04-19,Pharma,13.741706699707036,-0.0017343033505230919,99826.56966494769
2024-04-19,Energy,18.18077460481549,0.004476143105624747,100447.61431056248
2024-04-19,Finance,23.72715245833043,0.01707790383674808,101707.79038367482
2024-04-19,Retail,24.822256209384417,0.008229061318443618,100822.90613184437
2024-04-19,Real Estate,27.017249136166008,0.012592975681060489,101259.29756810605
2024-04-20,Tech,15.575567112679815,0.005074580476554964,100507.45804765551
2024-04-20,Pharma,14.30616664540716,0.0011448636171238625,100114.48636171239
2024-04-20,Energy,23.772924668195827,-0.005997328786857593,99400.26712131425
2024-04-20,Finance,13.390834785007078,-0.02306699773574571,97693.30022642543
2024-04-20,Retail,8.826905381758705,-9.656349197397374e-07,99999.90343650803
2024-04-20,Real Estate,11.98368434529352,0.004989240524164801,100498.92405241648
2024-04-21,Tech,21.157080269460078,0.0015968792405636105,100159.68792405636
2024-04-21,Pharma,19.35292824276123,-0.009331706821975025,99066.82931780249
2024-04-21,Energy,9.89886551447394,0.0015163648990609532,100151.6364899061
2024-04-21,Finance,10.565428784271656,0.005433913241505439,100543.39132415055
2024-04-21,Retail,25.83599457719524,0.011443568605843342,101144.35686058433
2024-04-21,Real Estate,20.709361760203066,-0.008684906417732705,99131.50935822673
2024-04-22,Tech,8.99207366837965,0.0026469016817261388,100264.69016817262
2024-04-22,Pharma,21.707549641215998,-0.0075979096435101895,99240.20903564898
2024-04-22,Energy,8.276449454347237,0.003001820169586771,100300.18201695867
2024-04-22,Finance,10.015893366514382,-0.009882047559979804,99011.79524400202
2024-04-22,Retail,12.2165368257507,-0.020698421800421335,97930.15781995787
2024-04-22,Real Estate,26.130590722600893,0.014141843759181266,101414.18437591814
2024-04-23,Tech,19.276529014775072,-0.0025561563391708086,99744.38436608292
2024-04-23,Pharma,11.469086783355197,-0.009220499478143733,99077.95005218562
2024-04-23,Energy,11.474609055113707,-0.004687305256108915,99531.2694743891
2024-04-23,Finance,8.301632744643676,-0.014977216138838977,98502.2783861161
2024-04-23,Retail,11.309796496700486,0.009231951591541505,100923.19515915416
2024-04-23,Real Estate,5.343879986604303,0.0058725528666719925,100587.2552866672
2024-04-24,Tech,7.086404411651568,-0.003325130182371074,99667.4869817629
2024-04-24,Pharma,12.804401783515207,0.005259493427676466,100525.94934276764
2024-04-24,Energy,13.42719627497835,-0.0004417757308012867,99955.82242691987
2024-04-24,Finance,25.313481970144192,0.0015217379501505448,100152.17379501507
2024-04-24,Retail,16.6922873279522,0.007373218815017429,100737.32188150175
2024-04-24,Real Estate,23.30250107951434,0.010849613820919217,101084.96138209193
2024-04-25,Tech,7.846166742351741,-0.009934917817435076,99006.5082182565
2024-04-25,Pharma,8.148039364439914,-0.006813433264093798,99318.65667359062
2024-04-25,Energy,20.980856898694174,-0.0074126995602137175,99258.73004397863
2024-04-25,Finance,24.212711065902468,0.0048066523341469495,100480.66523341471
2024-04-25,Retail,12.170665139268344,-0.0016426885597074512,99835.73114402925
2024-04-25,Real Estate,11.71273224815809,-0.001228241153195655,99877.17588468043
2024-04-26,Tech,28.29513174691711,0.003299814276546045,100329.98142765461
2024-04-26,Pharma,24.827066594038122,-0.008675031277394744,99132.49687226053
2024-04-26,Energy,28.059261078117423,-0.02671151565424647,97328.84843457535
2024-04-26,Finance,25.69020709151656,-0.013629012664899248,98637.09873351008
2024-04-26,Retail,9.895963951775812,0.022086722927987183,102208.67229279871
2024-04-26,Real Estate,22.50232975803579,-0.005430957599554904,99456.9042400445
2024-04-27,Tech,7.796147991525161,0.0027162723352880144,100271.62723352881
2024-04-27,Pharma,12.92623054892313,0.003056914286913794,100305.6914286914
2024-04-27,Energy,16.909526979426627,0.0024733026034818046,100247.33026034817
2024-04-27,Finance,19.599793475267546,2.4374341461564665e-05,100002.43743414617
2024-04-27,Retail,11.76161798733854,0.007797370320372242,100779.73703203721
2024-04-27,Real Estate,23.15322393003484,0.006080032558797644,100608.00325587977
2024-04-28,Tech,7.088025695725737,-0.008478984234193397,99152.10157658067
2024-04-28,Pharma,10.421856668433893,-0.013354832304060003,98664.516769594
2024-04-28,Energy,17.033707911741416,-0.0008346918138652526,99916.53081861346
2024-04-28,Finance,21.301248699315273,-1.97289301344959e-05,99998.02710698656
2024-04-28,Retail,15.89918686959356,-0.005486424576841271,99451.35754231588
2024-04-28,Real Estate,27.234918906359255,0.0026221846835620373,100262.21846835621
2024-04-29,Tech,15.521528935813285,-0.0028453598312855716,99715.46401687144
2024-04-29,Pharma,10.937750836094018,-0.012170582476214943,98782.94175237851
2024-04-29,Energy,19.311749190043116,-0.007981302719690391,99201.86972803096
2024-04-29,Finance,10.716856841584203,-0.004603588034420578,99539.64119655793
2024-04-29,Retail,8.248243796624193,-0.0037601755071928777,99623.98244928071
2024-04-29,Real Estate,23.224541617603826,0.0017564170790309499,100175.6417079031
2024-04-30,Tech,8.553115183490007,-0.007917452741181467,99208.25472588185
2024-04-30,Pharma,14.52630958895454,-0.012193780753879859,98780.62192461202
2024-04-30,Energy,9.323098936280362,0.01021029306903854,101021.02930690386
2024-04-30,Finance,16.468152566816272,0.0002248167181447852,100022.48167181449
2024-04-30,Retail,5.696334013796015,-0.011599327067112045,98840.0672932888
2024-04-30,Real Estate,12.083641202066747,-0.016563657299082015,98343.63427009179
2024-05-01,Tech,12.399327918113155,0.024492542795570976,102449.25427955709
2024-05-01,Pharma,15.640087546014781,0.01971720301433006,101971.720301433
2024-05-01,Energy,20.4229818886238,0.018047643563224105,101804.76435632241
2024-05-01,Finance,7.2053166885202256,-0.006625596045387249,99337.44039546128
2024-05-01,Retail,5.742003962840449,0.01694901766470346,101694.90176647034
2024-05-01,Real Estate,21.725349966589835,0.004886467350073682,100488.64673500737
2024-05-02,Tech,14.966083599970391,0.01664778826713244,101664.77882671326
2024-05-02,Pharma,12.80112819784936,-0.010107818084041873,98989.21819159582
2024-05-02,Energy,18.28998476843094,-0.0034506324507918447,99654.93675492083
2024-05-02,Finance,23.56934029330714,-0.003379380718765248,99662.06192812348
2024-05-02,Retail,15.959886620305467,-0.01285882665971678,98714.11733402831
2024-05-02,Real Estate,11.398864761330211,-0.0017387142077476604,99826.12857922523
2024-05-03,Tech,21.001451703094315,-0.008334733031490967,99166.5266968509
2024-05-03,Pharma,15.173324240171242,0.011652238541117714,101165.22385411177
2024-05-03,Energy,24.722447301015688,0.00907505591781282,100907.50559178127
2024-05-03,Finance,26.61794183720691,0.01606767288739011,101606.767288739
2024-05-03,Retail,12.81022992380677,-0.003728054238813766,99627.19457611862
2024-05-03,Real Estate,5.1867307951346735,-0.01303225568610718,98696.77443138928
2024-05-04,Tech,17.682159099311953,-0.00876619014008023,99123.38098599199
2024-05-04,Pharma,26.887146341384494,-0.002892804293818185,99710.71957061818
2024-05-04,Energy,9.860368857027272,0.010895027771489554,101089.50277714897
2024-05-04,Finance,6.06475050965634,0.010907233527736681,101090.72335277367
2024-05-04,Retail,15.69103601982311,0.013898713523858413,101389.87135238585
2024-05-04,Real Estate,20.611063623134513,-0.0004969027270796207,99950.30972729204
2024-05-05,Tech,6.58307472965617,-0.01775795985386236,98224.20401461376
2024-05-05,Pharma,9.273698073046646,-0.0041968390059087205,99580.31609940913
2024-05-05,Energy,11.901072199285696,0.004300548241889728,100430.05482418896
2024-05-05,Finance,15.88559383838746,0.011275415305965621,101127.54153059656
2024-05-05,Retail,23.01218279772149,-0.002327834429046762,99767.21655709532
2024-05-05,Real Estate,12.82818617438679,-0.006297170475737307,99370.28295242626
2024-05-06,Tech,18.84617971909942,-0.0033919080138148346,99660.80919861852
2024-05-06,Pharma,11.35671285557111,0.0034148450150010617,100341.4845015001
2024-05-06,Energy,8.576590007017963,0.01041373191364828,101041.37319136484
2024-05-06,Finance,21.115671989942786,-6.780635685019643e-05,99993.21936431498
2024-05-06,Retail,20.13816476066789,0.005806733665633137,100580.67336656331
2024-05-06,Real Estate,16.350676179434355,-0.002407690691701437,99759.23093082986
2024-05-07,Tech,18.219500301339778,-0.015016483517403305,98498.35164825968
2024-05-07,Pharma,25.888894833718705,0.008203526637956248,100820.35266379564
2024-05-07,Energy,28.95873508263936,0.02524264457043007,102524.26445704301
2024-05-07,Finance,6.5872729816813145,0.007325369960864886,100732.53699608649
2024-05-07,Retail,21.822374350125425,0.006062090522050744,100606.20905220507
2024-05-07,Real Estate,18.40749123440792,0.01208095805408551,101208.09580540855
2024-05-08,Tech,28.31658955580716,0.010835055536605869,101083.5055536606
2024-05-08,Pharma,25.692453409277917,0.0035503380231437158,100355.03380231437
2024-05-08,Energy,21.804381779430145,-0.008840885374868178,99115.91146251319
2024-05-08,Finance,8.849871030216365,0.000276079916645773,100027.60799166457
2024-05-08,Retail,18.320207019314488,-0.010397134112079794,98960.28658879202
2024-05-08,Real Estate,29.177167391209593,-0.005758617416643571,99424.13825833565
2024-05-09,Tech,26.465285527618853,0.01091630119148935,101091.63011914895
2024-05-09,Pharma,6.486544802952658,-0.0014568904143916106,99854.31095856085
2024-05-09,Energy,7.480686065221629,0.001799637850243631,100179.96378502436
2024-05-09,Finance,24.107774365448236,0.003584165242310354,100358.41652423103
2024-05-09,Retail,25.822260837932276,0.0011748091578327327,100117.48091578328
2024-05-09,Real Estate,13.92000325075131,-0.0008841326134546306,99911.58673865453
2024-05-10,Tech,25.450019438293992,0.014101337311807361,101410.13373118073
2024-05-10,Pharma,27.53227221936363,-0.005208139302387775,99479.18606976123
2024-05-10,Energy,13.482264977563503,0.024152879514883097,102415.28795148831
2024-05-10,Finance,22.196061262488673,-0.01886186413674448,98113.81358632554
2024-05-10,Retail,26.10263053523726,-0.0040335813541956915,99596.64186458042
2024-05-10,Real Estate,13.395994080887556,0.0040917708411256914,100409.17708411257
2024-05-11,Tech,11.28407348801098,0.004779893449953143,100477.98934499532
2024-05-11,Pharma,6.64484655617961,-0.009583010538160502,99041.69894618395
2024-05-11,Energy,19.96926921330477,-0.004033747086851804,99596.62529131482
2024-05-11,Finance,17.24184227572266,0.011258190770847396,101125.81907708473
2024-05-11,Retail,8.603567215196147,0.005285289895372764,100528.52898953728
2024-05-11,Real Estate,23.31905653332821,0.0030803879719872498,100308.03879719872
2024-05-12,Tech,8.074816041129875,-0.00979706846671495,99020.29315332852
2024-05-12,Pharma,19.73587576684296,-0.004369344895738847,99563.06551042612
2024-05-12,Energy,23.06260143568518,0.0005276148942483274,100052.76148942484
2024-05-12,Finance,20.931905980678664,0.004999424710770924,100499.9424710771
2024-05-12,Retail,7.664370749912315,-0.004013600470119831,99598.63995298801
2024-05-12,Real Estate,6.358257495150222,-0.005299541742117634,99470.04582578823
2024-05-13,Tech,15.204404971460013,0.0019116238773433155,100191.16238773434
2024-05-13,Pharma,15.90082685518198,0.004665050271144352,100466.50502711443
2024-05-13,Energy,17.346992778156455,-0.008185964019299444,99181.40359807006
2024-05-13,Finance,8.071193363556857,-0.0103165906079035,98968.34093920965
2024-05-13,Retail,22.285167273035114,-0.004508570017395842,99549.14299826042
2024-05-13,Real Estate,20.172451091967062,0.008897338486180554,100889.73384861805
2024-05-14,Tech,7.217464616153855,-0.005678031862578587,99432.19681374215
2024-05-14,Pharma,9.031948179725138,-0.004210498058377608,99578.95019416224
2024-05-14,Energy,28.336645350326364,-0.011135572548168772,98886.44274518313
2024-05-14,Finance,9.282324668749427,-0.004712841701230394,99528.71582987695
2024-05-14,Retail,21.823243287690843,-0.0066552898871869975,99334.4710112813
2024-05-14,Real Estate,10.603683259974662,0.022399663175908448,102239.96631759085
2024-05-15,Tech,5.983363775492638,0.0030670181505356706,100306.70181505357
2024-05-15,Pharma,24.90416848606269,0.0038840066217248207,100388.40066217247
2024-05-15,Energy,13.051309229548906,0.012549637573899652,101254.96375738995
2024-05-15,Finance,22.18914784485173,-0.005549693745433468,99445.03062545665
2024-05-15,Retail,21.240175960806923,-0.020189904081420428,97981.00959185796
2024-05-15,Real Estate,23.531501815947646,0.009096573331711651,100909.65733317117
2024-05-16,Tech,14.022698036598392,-0.007506110749806916,99249.38892501932
2024-05-16,Pharma,19.76145387108631,0.0065698008062883475,100656.98008062884
2024-05-16,Energy,13.933037203537245,0.0012346976257110662,100123.46976257111
2024-05-16,Finance,20.600373768991332,0.013413080621642134,101341.30806216421
2024-05-16,Retail,7.081428509301158,0.015690769245928833,101569.0769245929
2024-05-16,Real Estate,26.499672684330505,0.0002424234360381751,100024.24234360381
2024-05-17,Tech,23.029241556313533,-0.015020518526197672,98497.94814738023
2024-05-17,Pharma,14.72878462001176,-0.004710974404303986,99528.9025595696
2024-05-17,Energy,19.039980986278067,0.011680775264575335,101168.07752645753
2024-05-17,Finance,18.36188642793615,-0.005387173481321374,99461.28265186786
2024-05-17,Retail,21.554719454687053,-0.007505270438471372,99249.47295615287
2024-05-17,Real Estate,20.152076954265667,0.010294652901003535,101029.46529010036
2024-05-18,Tech,23.79113622786274,-0.003959169488174366,99604.08305118256
2024-05-18,Pharma,23.21287819355419,0.014882783127091789,101488.27831270917
2024-05-18,Energy,12.547504924670209,-0.023583262961707194,97641.67370382928
2024-05-18,Finance,10.811215842589723,0.0016763508542331355,100167.63508542332
2024-05-18,Retail,14.77946305028471,0.013548858761556228,101354.88587615562
2024-05-18,Real Estate,6.4480338641824435,-0.02097239501288129,97902.76049871187
2024-05-19,Tech,27.700525303206085,0.014338162895257354,101433.81628952573
2024-05-19,Pharma,12.660010385658747,-0.014827735423973414,98517.22645760266
2024-05-19,Energy,24.04189800333232,-0.019037140290633678,98096.28597093663
2024-05-19,Finance,29.095201928280282,-0.004028206032826694,99597.17939671733
2024-05-19,Retail,26.630173624526947,0.006138547365848282,100613.85473658482
2024-05-19,Real Estate,23.857975116784292,-0.008483658099497067,99151.6341900503
2024-05-20,Tech,5.863921773848247,0.00310244184464266,100310.24418446426
2024-05-20,Pharma,17.802735495703676,0.007397942486609193,100739.79424866092
2024-05-20,Energy,24.645947186958054,0.012157424624984562,101215.74246249844
2024-05-20,Finance,26.447646088890345,0.008992756624575908,100899.2756624576
2024-05-20,Retail,16.779546128590987,0.009440604652692083,100944.0604652692
2024-05-20,Real Estate,24.946402320442235,-0.001160985105904354,99883.90148940956
2024-05-21,Tech,5.4811320269644455,0.007634635645585194,100763.46356455852
2024-05-21,Pharma,22.089582511233612,0.003217075101362088,100321.7075101362
2024-05-21,Energy,18.83601836912462,-0.007542576215525648,99245.74237844744
2024-05-21,Finance,28.191107104911882,0.0030469754249484674,100304.69754249485
2024-05-21,Retail,17.915133677395026,-0.0040188919076995806,99598.11080923004
2024-05-21,Real Estate,29.19528383051394,-0.0051641815061424946,99483.58184938575
2024-05-22,Tech,15.915828122081242,-0.004071046738872212,99592.89532611278
2024-05-22,Pharma,22.513009640741352,-0.026045583655448346,97395.44163445517
2024-05-22,Energy,14.125503611610597,0.0159692553956527,101596.92553956527
2024-05-22,Finance,16.529919740939363,-0.004462694339018254,99553.73056609818
2024-05-22,Retail,22.839309663918137,-0.01484970983045675,98515.02901695433
2024-05-22,Real Estate,11.280816934549598,-0.0025605767039524963,99743.94232960475
2024-05-23,Tech,25.48054925038453,0.006533510574130874,100653.35105741309
2024-05-23,Pharma,10.770077950689032,0.003168973206786811,100316.89732067868
2024-05-23,Energy,6.364391918521846,-0.0023642641370857287,99763.57358629143
2024-05-23,Finance,18.743021150820354,0.008263360088095128,100826.3360088095
2024-05-23,Retail,25.9061858051731,0.0063970767131000545,100639.70767131001
2024-05-23,Real Estate,29.78774436532526,-0.0140645755510706,98593.54244489294
2024-05-24,Tech,23.53273979913715,0.014415197526532109,101441.51975265321
2024-05-24,Pharma,5.544319315545319,-0.0048299543035577545,99517.00456964422
2024-05-24,Energy,10.383498154283291,-0.00811700359981292,99188.29964001871
2024-05-24,Finance,8.152840402382898,0.00936759386601631,100936.75938660163
2024-05-24,Retail,12.332604590369243,-0.0024360481182066694,99756.39518817933
2024-05-24,Real Estate,8.113520302272743,-0.011660394975354161,98833.96050246459
2024-05-25,Tech,25.942597300877868,-0.0065481665508033415,99345.18334491966
2024-05-25,Pharma,17.998173547492886,0.010722956702939062,101072.2956702939
2024-05-25,Energy,26.37586992738239,-0.006294523578046709,99370.54764219534
2024-05-25,Finance,5.500842552092023,0.004638150776139358,100463.81507761392
2024-05-25,Retail,6.9736132178810815,-0.018463632074063076,98153.6367925937
2024-05-25,Real Estate,7.966876021218037,0.01220992380491315,101220.99238049131
2024-05-26,Tech,16.858168327846293,0.015371276309591772,101537.12763095916
2024-05-26,Pharma,21.59154915438758,0.0009259195446592547,100092.59195446591
2024-05-26,Energy,16.649166360740473,-0.004753834345975974,99524.61656540241
2024-05-26,Finance,10.330464426252703,0.007986622431845924,100798.66224318459
2024-05-26,Retail,23.365020462903818,-0.0008966812669175283,99910.33187330824
2024-05-26,Real Estate,15.876459625367632,-0.002020287487109083,99797.9712512891
2024-05-27,Tech,16.039568907036305,-0.021257857451859954,97874.21425481401
2024-05-27,Pharma,12.121233671028143,-0.003997956148138356,99600.20438518617
2024-05-27,Energy,11.765721565632536,-0.0037074241710645076,99629.25758289355
2024-05-27,Finance,7.652057776877214,0.0005367390415704975,100053.67390415705
2024-05-27,Retail,13.130102118172196,0.019809453446117092,101980.94534461171
2024-05-27,Real Estate,12.327674440019347,-0.0015109254590218004,99848.90745409782
2024-05-28,Tech,21.676123339709967,0.013851928810071884,101385.19288100718
2024-05-28,Pharma,17.0154709451673,-0.004984717877814,99501.5282122186
2024-05-28,Energy,18.53475961827226,-0.010170483106918317,98982.95168930816
2024-05-28,Finance,9.279178037824618,-0.0013872722017309763,99861.2727798269
2024-05-28,Retail,15.012364350398565,0.015239398868463445,101523.93988684633
2024-05-28,Real Estate,8.185912901005885,0.014187766488737034,101418.77664887371
2024-05-29,Tech,26.345462055714258,-0.0029040101158975683,99709.59898841025
2024-05-29,Pharma,17.449030382208043,0.010596376315211794,101059.63763152117
2024-05-29,Energy,25.038646233609548,-0.0061969688084057475,99380.30311915943
2024-05-29,Finance,12.927438305767748,0.013318330742945814,101331.83307429458
2024-05-29,Retail,21.60855583001873,0.014660491094623694,101466.04910946237
2024-05-29,Real Estate,8.240647024210052,-0.009701203753422727,99029.87962465773
2024-05-30,Tech,21.800975156921417,0.0021408494503796054,100214.08494503796
2024-05-30,Pharma,16.404573861313878,0.0016563919196306298,100165.63919196307
2024-05-30,Energy,19.007601421787676,-0.00720569170675891,99279.4308293241
2024-05-30,Finance,9.32774478798839,-0.004153977995452609,99584.60220045474
2024-05-30,Retail,26.114337972355017,-0.021479672475197227,97852.03275248029
2024-05-30,Real Estate,26.59874909796161,0.00786997411272732,100786.99741127272
2024-05-31,Tech,7.844998462709524,0.013847873568270021,101384.78735682702
2024-05-31,Pharma,8.122942182068167,0.004826011478368541,100482.60114783685
2024-05-31,Energy,8.013696441510948,-0.004064497195334325,99593.55028046657
2024-05-31,Finance,21.7814456488596,0.002546880425413428,100254.68804254134
2024-05-31,Retail,12.590297507151817,0.005475042351435552,100547.50423514355
2024-05-31,Real Estate,27.035098413279876,-0.0048346133253895345,99516.53866746105
2024-06-01,Tech,18.25819644061582,0.01214474929372092,101214.4749293721
2024-06-01,Pharma,18.829790113642858,-0.00024324129414913826,99975.6758705851
2024-06-01,Energy,19.586501041759846,0.005779093950653914,100577.90939506539
2024-06-01,Finance,28.913890775405886,-0.0034545839328023096,99654.54160671977
2024-06-01,Retail,12.019456807720342,-0.003151104291490941,99684.88957085091
2024-06-01,Real Estate,23.536132767581066,0.0025056714121869145,100250.5671412187
